<list>
<Cliente>
   <nick>nick9</nick>
   <password>pw9</password>
   <fechaNacimiento>2000-01-01</fechaNacimiento>
</Cliente>
<Cliente>
   <nick>nick8</nick>
   <password>pw8</password>
   <fechaNacimiento>2000-01-01</fechaNacimiento>
</Cliente>
<Propietario>
   <nick>nick7</nick>
   <password>pw7</password>
   <fechaNacimiento>2000-01-01</fechaNacimiento>
</Propietario>
<Propietario>
   <nick>nick6</nick>
   <password>pw6</password>
   <fechaNacimiento>2000-01-01</fechaNacimiento>
</Propietario>
<Propietario>
   <nick>nick5</nick>
   <password>pw5</password>
   <fechaNacimiento>2000-01-01</fechaNacimiento>
</Propietario>
<Propietario>
   <nick>nick4</nick>
   <password>pw4</password>
   <fechaNacimiento>2000-01-01</fechaNacimiento>
</Propietario>
<Cliente>
   <nick>nick10</nick>
   <password>pw10</password>
   <fechaNacimiento>1978-05-01</fechaNacimiento>
</Cliente>
<Bar>
   <nombreLocal>Local 2</nombreLocal>
   <Direccion>
       <localidad>Pueblo 2</localidad>
       <provincia>Provincia 2</provincia>
       <calle>Calle 2</calle>
       <numero>2</numero>
   </Direccion>
   <descripcion>Bar informal para comer ramen</descripcion>
   <tag>asiático,ramen,</tag>
</Bar>
<Bar>
   <nombreLocal>Local 1</nombreLocal>
   <Direccion>
       <localidad>Prueblo 1</localidad>
       <provincia>Provincia 1</provincia>
       <calle>Calle 1</calle>
       <numero>1</numero>
   </Direccion>
   <descripcion>Bar español clásico</descripcion>
   <tag>español,tapas,carnes,</tag>
</Bar>
<Restaurante>
   <nombreLocal>Local 5</nombreLocal>
   <Direccion>
       <localidad>Pueblo 5</localidad>
       <provincia>Provincia 5</provincia>
       <calle>Calle 5</calle>
       <numero>5</numero>
   </Direccion>
   <descripcion>Restaurante francés</descripcion>
   <precio>20</precio>
   <capacidadTotal>40</capacidadTotal>
   <capacidadMesa>6</capacidadMesa>
</Restaurante>
<Restaurante>
   <nombreLocal>Local 6</nombreLocal>
   <Direccion>
       <localidad>Pueblo 6</localidad>
       <provincia>Provincia 6</provincia>
       <calle>Calle 6</calle>
       <numero>6</numero>
   </Direccion>
   <descripcion>Restaurante Italiano</descripcion>
   <precio>15</precio>
   <capacidadTotal>80</capacidadTotal>
   <capacidadMesa>10</capacidadMesa>
</Restaurante>
<Pub>
   <nombreLocal>Local 4</nombreLocal>
   <Direccion>
       <localidad>Pueblo 4</localidad>
       <provincia>Provincia 4</provincia>
       <calle>Calle 4</calle>
       <numero>4</numero>
   </Direccion>
   <descripcion>Disco-Pub</descripcion>
</Pub>
<Pub>
   <nombreLocal>Local 3</nombreLocal>
   <Direccion>
       <localidad>Pueblo 3</localidad>
       <provincia>Provincia 3</provincia>
       <calle>Calle 3</calle>
       <numero>3</numero>
   </Direccion>
   <descripcion>Pub Irlandés</descripcion>
</Pub>
<Review>
   <local>Local 4</local>
   <cliente>nick10</cliente>
   <fechaReview>2021-10-01</fechaReview>
   <comentario>Estaba todo bueno</comentario>
   <estrellas>4</estrellas>
</Review>
<Review>
   <local>Local 1</local>
   <cliente>nick8</cliente>
   <fechaReview>2021-02-01</fechaReview>
   <comentario>No esta mal</comentario>
   <estrellas>3</estrellas>
</Review>
<Review>
   <local>Local 2</local>
   <cliente>nick9</cliente>
   <fechaReview>2021-08-01</fechaReview>
   <comentario>Rico pero el local estaba sucio</comentario>
   <estrellas>2</estrellas>
</Review>
<Review>
   <local>Local 5</local>
   <cliente>nick8</cliente>
   <fechaReview>2021-09-01</fechaReview>
   <comentario>El arroz esta duro</comentario>
   <estrellas>1</estrellas>
</Review>
<Contestacion>
   <propietario>nick4</propietario>
    <Review>
       <local>Local 2</local>
       <cliente>nick9</cliente>
       <fechaReview>2021-08-01</fechaReview>
       <comentario>Rico pero el local estaba sucio</comentario>
       <estrellas>2</estrellas>
    </Review>
   <comentario>Lo limpias con la lengua :)</comentario>
   <fechaContestacion>2021-10-23</fechaContestacion>
</Contestacion>
<Contestacion>
   <propietario>nick4</propietario>
    <Review>
       <local>Local 5</local>
       <cliente>nick8</cliente>
       <fechaReview>2021-09-01</fechaReview>
       <comentario>El arroz esta duro</comentario>
       <estrellas>1</estrellas>
    </Review>
   <comentario>Y tu eres feo :)</comentario>
   <fechaContestacion>2021-10-02</fechaContestacion>
</Contestacion>
<Contestacion>
   <propietario>nick7</propietario>
    <Review>
       <local>Local 1</local>
       <cliente>nick8</cliente>
       <fechaReview>2021-02-01</fechaReview>
       <comentario>No esta mal</comentario>
       <estrellas>3</estrellas>
    </Review>
   <comentario>Gracias, esperamos que la siguiente vaya mejor</comentario>
   <fechaContestacion>2021-05-23</fechaContestacion>
</Contestacion>
<Reserva>
   <descuento>10.2</descuento>
   <ld>2021-12-01</ld>
   <cliente>nick10</cliente>
   <reservable>Local 5</reservable>
   <lt>22:00</lt>
</Reserva>
<Reserva>
   <descuento>10.2</descuento>
   <ld>2021-12-04</ld>
   <cliente>nick8</cliente>
   <reservable>Local 1</reservable>
   <lt>21:00</lt>
</Reserva>
<Reserva>
   <descuento>10.2</descuento>
   <ld>2021-12-01</ld>
   <cliente>nick9</cliente>
   <reservable>Local 2</reservable>
   <lt>21:30</lt>
</Reserva>
</list>