<?xml version="1.0" encoding="UTF-8"?>
<project-private xmlns="http://www.netbeans.org/ns/project-private/1">
    <editor-bookmarks xmlns="http://www.netbeans.org/ns/editor-bookmarks/2" lastBookmarkId="0"/>
    <open-files xmlns="http://www.netbeans.org/ns/projectui-open-files/2">
        <group>
            <file>file:/C:/Users/Erra/Desktop/GSI/pre/p1/P11/src/GSILabs/Serializable/XMLRepresentable.java</file>
            <file>file:/C:/Users/Erra/Desktop/GSI/pre/p1/P11/src/BModel/Contestacion.java</file>
            <file>file:/C:/Users/Erra/Desktop/GSI/pre/p1/P11/src/GSILabs/persistence/ODSPersistente.java</file>
            <file>file:/C:/Users/Erra/Desktop/GSI/pre/p1/P11/src/BModel/Review.java</file>
            <file>file:/C:/Users/Erra/Desktop/GSI/pre/p1/P11/src/BSystem/BusinessSystem.java</file>
            <file>file:/C:/Users/Erra/Desktop/GSI/pre/p1/P11/src/BModel/Cliente.java</file>
            <file>file:/C:/Users/Erra/Desktop/GSI/pre/p1/P11/src/BModel/ProgramException.java</file>
            <file>file:/C:/Users/Erra/Desktop/GSI/pre/p1/P11/src/BModel/Propietario.java</file>
            <file>file:/C:/Users/Erra/Desktop/GSI/pre/p1/P11/src/BModel/Pub.java</file>
            <file>file:/C:/Users/Erra/Desktop/GSI/pre/p1/P11/src/BModel/Usuario.java</file>
            <file>file:/C:/Users/Erra/Desktop/GSI/pre/p1/P11/src/BModel/Local.java</file>
        </group>
    </open-files>
</project-private>
